月数,人口,单岗研究,总研究,单岗超然逻辑,总超然逻辑,单岗能量币维护,总岗能量币维护,人口净化进度,产生人口净化进度,人口增长进度,产生人口增长进度,帝国人口
0,5000,38796.0,193980000.0,1262.890625,6314453.125,678.1250000000001,3390625.0000000005,0,9176.0,0,1465,7200
1,4910,37434.989062500004,183805796.29687503,1218.06359375,5980692.245312501,665.91875,3269661.0625,76.0,9009.5,645.0,1465,7110
2,4822,36127.718812499996,174207860.11387497,1175.0159187499999,5665926.7602125,653.9837500000001,3153509.6425000005,85.5,8846.7,488.0,1465,7022
3,4735,34858.141406250004,165053299.55859378,1133.2186718750002,5365790.411328126,642.184375,3040743.015625,32.20000000000073,8685.75,348.5999999999999,1465,6935
4,4650,33639.6796875,156424510.546875,1093.11328125,5082976.7578125,630.6562500000001,2932551.5625000005,17.950000000000728,8528.5,226.5999999999999,1465,6850
5,4567,32470.80365625,148294160.29809374,1054.6487468750001,4816580.826978126,619.3993750000002,2828796.945625001,46.45000000000073,8374.95,121.59999999999991,1465,6767
6,4485,31336.30546875,140543330.02734375,1017.324140625,4562698.770703125,608.278125,2728127.390625,21.400000000001455,8223.25,33.19999999999982,1465,6685
7,4404,30235.447125,133156909.13849999,981.1148625,4320829.8544499995,597.2925000000001,2630476.1700000004,44.650000000001455,8073.400000000001,729.6999999999998,1465,6604
8,4325,29180.73046875,126206659.27734375,946.431640625,4093316.845703125,586.5781250000001,2536950.3906250005,18.050000000002,7927.25,673.8999999999996,1465,6525
9,4248,28170.7335,119669275.90799999,913.2270750000001,3879388.6146000004,576.1350000000001,2447421.4800000004,45.300000000002,7784.8,633.8999999999996,1465,6448
10,4172,27191.295374999998,113442084.30449998,881.0351374999999,3675678.5936499997,565.8275000000001,2360632.3300000005,30.100000000002183,7644.200000000001,609.2999999999995,1465,6372
11,4098,26254.2819375,107590047.379875,850.2453562500002,3484305.469912501,555.7912500000001,2277632.5425000004,74.30000000000291,7507.3,599.8999999999992,1465,6298
12,4025,25346.02734375,102017760.05859375,820.408203125,3302143.017578125,545.8906250000001,2197209.7656250005,81.60000000000309,7372.25,605.299999999999,1465,6225
13,3953,24465.87459375,96713602.26909375,791.5017781250001,3128806.5289281253,536.1256250000001,2119304.5956250005,53.85000000000309,7239.05,625.2999999999993,1465,6153
14,3883,23625.080531249998,91736187.70284374,763.8953093749999,2966205.4863031246,526.631875,2044911.5706250002,92.90000000000327,7109.55,659.6999999999991,1465,6083
15,3813,22798.986468749998,86932535.40534374,736.778840625,2809337.719303125,517.1381250000001,1971847.6706250003,2.450000000003456,6980.05,708.0999999999988,1465,6013
16,3747,22033.56178125,82559755.99434374,711.660684375,2666592.5843531247,508.1868750000001,1904176.2206250003,82.50000000000364,6857.950000000001,69.19999999999834,1465,5947
17,3680,21269.906250000004,78273255.00000001,686.6075000000002,2526715.6000000006,499.1000000000001,1836688.0000000002,40.450000000004366,6734.0,144.79999999999836,1465,5880
18,3615,20541.91640625,74259027.80859375,662.731171875,2395773.1863281247,490.28437500000007,1772378.0156250002,74.45000000000437,6613.75,233.79999999999836,1465,5815
19,3551,19837.51040625,70442999.45259374,639.6349718749999,2271343.7851281245,481.6043750000001,1710177.1356250003,88.20000000000437,6495.35,335.79999999999836,1465,5751
20,3488,19156.11225,66816519.528,617.2997000000001,2153141.3536000005,473.06000000000006,1650033.2800000003,83.55000000000473,6378.8,450.5999999999983,1465,5688
21,3426,18497.1549375,63371252.815875,595.70645625,2040890.3191125,464.6512500000001,1591895.1825000003,62.35000000000491,6264.1,577.9999999999982,1465,5626
22,3366,17870.4343125,60151881.89587501,575.1757687500001,1936041.6376125002,456.5137500000001,1536625.2825000002,26.450000000005275,6153.1,55.19999999999811,1465,5566
23,3307,17264.69053125,57094331.586843744,555.338309375,1836503.789103125,448.51187500000015,1483228.7706250006,79.55000000000564,6043.950000000001,206.99999999999795,1465,5507
24,3248,16669.389750000002,54142177.90800001,535.8489500000002,1740437.3896000006,440.51000000000005,1430776.4800000002,23.500000000006366,5934.8,370.59999999999786,1465,5448
25,3191,16104.186656250002,51388459.620093755,517.3508468750001,1650866.5523781253,432.7793750000001,1380998.9856250002,58.30000000000655,5829.35,545.9999999999977,1465,5391
26,3136,15568.05525,48821421.264,499.8098,1567403.5328,425.3200000000001,1333803.5200000003,87.65000000000691,5727.6,93.69999999999766,1465,5336
27,3080,15031.5,46297020.0,482.260625,1485362.725,417.7250000000001,1286593.0000000002,15.250000000007276,5624.0,291.4999999999975,1465,5280
28,3026,14523.0174375,43946650.765875004,465.63520625000007,1409012.1341125001,410.40125000000006,1241874.1825,39.250000000007276,5524.1,500.4999999999975,1465,5226
29,2974,14041.6355625,41759824.162875,449.9011437500001,1338006.0015125002,403.3487500000001,1199559.1825000003,63.35000000000764,5427.900000000001,97.69999999999743,1465,5174
30,2922,13568.3656875,39646764.538875,434.43748124999996,1269426.3202125,396.29625000000004,1157977.6425,91.25000000000819,5331.7,327.8999999999976,1465,5122
31,2870,13103.207812499999,37606206.421875,419.24421874999996,1203230.9078125,389.24375000000003,1117129.5625,22.950000000008004,5235.5,568.4999999999975,1465,5070
32,2821,12672.30946875,35748585.01134375,405.17494062500003,1142998.5075031251,382.5981250000001,1079309.3106250002,58.450000000008004,5144.85,212.4999999999975,1465,5021
33,2771,12240.04228125,33917157.16134375,391.066034375,1083643.981253125,375.8168750000001,1041388.5606250003,3.3000000000083674,5052.35,473.29999999999745,1465,4971
34,2724,11840.549625,32253657.1785,378.03161250000005,1029758.1124500001,369.4425000000001,1006361.3700000003,55.65000000000873,4965.400000000001,146.99999999999739,1465,4924
35,2676,11439.397125,30611826.706499998,364.94786250000004,976600.4800500001,362.93250000000006,971207.3700000001,21.050000000009277,4876.6,427.1999999999971,1465,4876
36,2631,11069.594156250001,29124102.225093752,352.8910968750001,928456.4758781252,356.8293750000001,938818.0856250002,97.65000000000964,4793.35,129.39999999999702,1465,4831
37,2585,10697.85234375,27653948.308593754,340.77570312500006,880905.1925781252,350.59062500000005,906276.7656250001,91.00000000001,4708.25,428.19999999999686,1465,4785
38,2541,10348.21321875,26294809.788843747,329.385065625,836967.451753125,344.6231250000001,875687.3606250002,99.25000000001,4626.85,157.69999999999686,1465,4741
39,2496,9996.63525,24951601.584,317.93580000000003,793567.7568000001,338.5200000000001,844945.9200000003,26.10000000001037,4543.6,474.4999999999968,1465,4696
40,2454,9673.9768125,23739939.097875,307.43251875,754439.4010124999,332.8237500000001,816749.4825000002,69.70000000001073,4465.900000000001,230.69999999999675,1465,4654
41,2411,9349.118531249998,22540724.778843746,296.861909375,715734.063503125,326.99187500000005,788377.4106250001,35.60000000001128,4386.35,564.8999999999965,1465,4611
42,2370,9044.535937499999,21435550.171874996,286.95515624999996,680083.7203124999,321.43125000000003,761792.0625000001,21.95000000001164,4310.5,346.5999999999964,1465,4570
43,2330,8752.2421875,20392724.296875,277.45203125,646463.2328125,316.00625,736294.5625,32.45000000001164,4236.5,140.59999999999627,1465,4530
44,2290,8464.7484375,19384273.921875,268.1089062500001,613969.3953125002,310.58125000000007,711231.0625000001,68.95000000001164,4162.5,499.59999999999627,1465,4490
45,2251,8189.06353125,18433582.00884375,259.153409375,583354.324503125,305.29187500000006,687212.0106250001,31.45000000001164,4090.3500000000004,317.59999999999627,1465,4451
46,2213,7924.83646875,17537663.105343748,250.57384062499997,554519.909303125,300.13812500000006,664205.6706250001,21.800000000012005,4020.05,147.2999999999962,1465,4413
47,2175,7664.94140625,16671247.55859375,242.138671875,526651.611328125,294.98437500000006,641591.0156250001,41.85000000001219,3949.75,529.6999999999962,1465,4375
48,2139,7422.721031249999,15877200.285843749,234.280659375,501126.330403125,290.10187500000006,620527.9106250001,91.60000000001219,3883.15,382.1999999999962,1465,4339
49,2103,7184.38865625,15108769.344093751,226.55224687500004,476439.3751781251,285.21937500000007,599816.3456250002,74.75000000001228,3816.55,245.4999999999959,1465,4303
50,2068,6956.404125,14385843.7305,219.16276249999999,453228.59284999996,280.4725,580017.13,91.30000000001246,3751.8,119.59999999999604,1465,4268
51,2033,6732.09459375,13686348.309093751,211.89577812500005,430784.1169281251,275.72562500000004,560550.195625,43.10000000001264,3687.05,4.19999999999618,1465,4233
52,1998,6511.4600625,13009897.204875,204.75129375,409093.0849125,270.97875000000005,541415.5425000001,30.150000000012824,3622.3,422.59999999999627,1465,4198
53,1965,6306.79921875,12392860.46484375,198.12726562500004,389320.07695312507,266.503125,523678.640625,52.450000000013006,3561.25,328.1999999999964,1465,4165
54,1932,6105.405375,11795643.184500001,191.61213750000002,370194.64965000004,262.02750000000003,506237.13000000006,13.700000000013006,3500.2000000000003,243.6999999999964,1465,4132
55,1900,5913.234375,11235145.3125,185.3984375,352257.03125,257.68750000000006,489606.2500000001,13.900000000013279,3441.0,169.09999999999627,1465,4100
56,1869,5729.99821875,10709366.67084375,179.47656562500003,335441.7011531251,253.48312500000003,473759.96062500007,54.90000000001328,3383.65,104.09999999999627,1465,4069
57,1838,5549.6450625,10200247.624875,173.65079375,319170.15891249996,249.27875000000006,458174.3425000001,38.55000000001337,3326.3,48.39999999999617,1465,4038
58,1808,5377.85475,9723161.388,168.10445000000004,303932.84560000006,245.21000000000004,443339.68000000005,64.85000000001355,3270.8,1.9999999999961915,1465,4008
59,1777,5203.17459375,9246041.25309375,162.467778125,288705.24172812497,241.00562500000007,428266.9956250001,35.65000000001373,3213.4500000000003,465.3999999999961,1465,3977
60,1748,5042.374125,8814069.9705,157.2817625,274928.52085000003,237.07250000000005,414402.7300000001,49.100000000014006,3159.8,437.29999999999586,1465,3948
61,1719,4884.09665625,8395762.15209375,152.179846875,261597.156778125,233.13937500000003,400766.58562500007,8.900000000014188,3106.15,417.8999999999958,1465,3919
62,1691,4733.67103125,8004637.71384375,147.333659375,249141.218003125,229.34187500000007,387817.11062500015,15.050000000014279,3054.3500000000004,407.19999999999567,1465,3891
63,1664,4590.84525,7639166.496,142.7348,237510.7072,225.68000000000004,375531.5200000001,69.40000000001464,3004.4,404.89999999999566,1465,3864
64,1637,4450.20646875,7284987.989343749,138.20884062500002,226247.87210312503,222.01812500000005,363443.6706250001,73.80000000001473,2954.4500000000003,410.69999999999544,1465,3837
65,1610,4311.754687500001,6941925.046875001,133.75578125,215346.80781250002,218.35625000000002,351553.5625,28.250000000015007,2904.5,424.59999999999536,1465,3810
66,1584,4180.4977499999995,6621908.435999999,129.53655,205185.8952,214.83000000000004,340290.7200000001,32.75000000001501,2856.4,446.59999999999536,1465,3784
67,1559,4056.20165625,6323618.38209375,125.543346875,195722.077778125,211.43937500000004,329633.9856250001,89.1500000000151,2810.15,476.39999999999526,1465,3759
68,1535,3938.64140625,6045814.55859375,121.768671875,186914.911328125,208.18437500000002,319563.015625,99.30000000001519,2765.75,37.79999999999518,1465,3735
69,1510,3818.0203125,5765210.671875,117.89796874999999,178025.9328125,204.79375000000002,309238.5625,65.05000000001519,2719.5,82.29999999999518,1465,3710
70,1486,3703.9880625,5504126.260875,114.24089375,169761.9681125,201.53875000000002,299486.5825,84.55000000001519,2675.1,134.29999999999518,1465,3686
71,1462,3591.6838125,5251041.733875,110.64141875000001,161757.75421250003,198.28375000000005,289890.8425000001,59.6500000000151,2630.7000000000003,193.4999999999951,1465,3662
72,1439,3485.68040625,5015894.10459375,107.24597187500001,154326.953528125,195.16437500000004,280841.5356250001,90.35000000001537,2588.15,259.89999999999486,1465,3639
73,1416,3381.264,4787869.824,103.903425,147127.2498,192.04500000000002,271935.72000000003,78.50000000001546,2545.6,333.19999999999476,1465,3616
74,1393,3278.4345937499997,4566859.389093749,100.613778125,140154.992928125,188.92562500000005,263173.39562500006,24.10000000001537,2503.05,413.39999999999475,1465,3593
75,1372,3185.932875,4371099.9045,97.65638750000001,133984.56365000003,186.07750000000004,255298.33000000005,27.150000000015552,2464.2000000000003,41.19999999999459,1465,3572
76,1351,3094.75415625,4181012.86509375,94.74309687499999,127997.92387812499,183.229375,247542.885625,91.35000000001583,2425.35,134.59999999999445,1465,3551
77,1329,3000.65259375,3987867.29709375,91.73837812500001,121920.30452812501,180.24562500000002,239546.435625,16.700000000015734,2384.65,234.29999999999438,1465,3529
78,1308,2912.182875,3809135.2005,88.9153875,116301.32685,177.39750000000004,232035.93000000005,1.3500000000158252,2345.8,340.59999999999417,1465,3508
79,1289,2833.27884375,3652096.42959375,86.399253125,111368.637278125,174.82062500000004,225343.78562500005,47.15000000001601,2310.65,2.3999999999941792,1465,3489
80,1269,2751.3919687499997,3491516.4083437496,83.78969062499999,106329.11740312498,172.10812500000003,218405.21062500004,57.8000000000161,2273.65,120.69999999999408,1465,3469
81,1249,2670.70509375,3335710.6620937497,81.220128125,101443.940028125,169.39562500000002,211575.13562500002,31.45000000001619,2236.65,244.99999999999403,1465,3449
82,1230,2595.1640625,3192051.796875,78.81609375000001,96943.7953125,166.81875000000002,205187.06250000003,68.10000000001628,2201.5,375.299999999994,1465,3430
83,1212,2524.597875,3059812.6245,76.57188750000002,92805.12765000002,164.37750000000003,199225.53000000003,69.60000000001628,2168.2000000000003,68.29999999999404,1465,3412
84,1193,2451.16584375,2924240.85159375,74.238153125,88566.11667812499,161.80062500000003,193028.14562500003,37.80000000001655,2133.05,209.6999999999939,1465,3393
85,1175,2382.59765625,2799552.24609375,72.060546875,84671.142578125,159.35937500000003,187247.26562500003,70.85000000001673,2099.75,356.7999999999939,1465,3375
86,1158,2318.7313125,2685090.859875,70.03366875,81098.98841250001,157.05375000000004,181868.24250000005,70.60000000001673,2068.3,71.79999999999382,1465,3358
87,1140,2252.053125,2567340.5625,67.91906250000001,77427.73125000001,154.6125,176258.25,38.90000000001692,2035.0,229.39999999999378,1465,3340
88,1123,2189.97178125,2459338.31034375,65.951684375,74063.741553125,152.30687500000005,171040.62062500004,73.90000000001692,2003.5500000000002,392.3999999999937,1465,3323
89,1107,2132.33428125,2360494.04934375,64.126434375,70987.962853125,150.13687500000003,166201.52062500003,77.4500000000171,1973.95,128.19999999999368,1465,3307
90,1090,2071.9359375,2258410.171875,62.21515625000001,67814.52031250001,147.83125,161136.0625,51.40000000001692,1942.5,301.09999999999354,1465,3290
91,1075,2019.36328125,2170815.52734375,60.552734375,65094.189453125,145.79687500000003,156731.64062500003,93.90000000001692,1914.75,50.09999999999354,1465,3275
92,1058,1960.5969375,2074311.559875,58.69585625,62100.215912499996,143.49125000000004,151813.74250000005,8.650000000016917,1883.3000000000002,232.59999999999354,1465,3258
93,1043,1909.4642812499999,1991571.2453437499,57.08143437499999,59535.93605312499,141.45687500000003,147539.52062500003,91.9500000000171,1855.5500000000002,420.1999999999935,1465,3243
94,1028,1859.0066249999998,1911058.8104999997,55.4895125,57043.21885,139.42250000000004,143326.33000000005,47.50000000001728,1827.8000000000002,187.9999999999934,1465,3228
95,1013,1809.22396875,1832743.8803437501,53.92009062500001,54621.05180312501,137.38812500000003,139174.17062500003,75.30000000001746,1800.0500000000002,384.5999999999934,1465,3213
96,999,1763.36915625,1761605.78709375,52.475596875,52423.121278125,135.48937500000002,135353.88562500002,75.35000000001764,1774.15,164.39999999999327,1465,3199
97,984,1714.8915,1687453.236,50.949675,50134.4802,133.455,131319.72,49.500000000017735,1746.4,369.69999999999317,1465,3184
98,971,1673.4235312500002,1624894.2488437502,49.64540937500001,48205.69250312501,131.69187500000004,127872.81062500004,95.90000000001783,1722.3500000000001,161.0999999999931,1465,3171
99,956,1626.205875,1554652.8165000002,48.16148750000001,46042.38205000001,129.65750000000003,123952.57000000002,18.250000000017963,1694.6000000000001,374.799999999993,1465,3156
100,943,1585.8299062499998,1495437.6015937498,46.893621874999994,44220.68542812499,127.89437500000004,120604.39562500003,12.850000000018099,1670.5500000000002,177.39999999999281,1465,3143
101,930,1545.9609375,1437743.671875,45.64265625000001,42447.670312500006,126.13125000000002,117302.06250000001,83.40000000001828,1646.5,399.4999999999928,1465,3130
102,917,1506.5989687499998,1381551.2543437497,44.408590625,40722.677603125005,124.36812500000002,114045.57062500002,29.90000000001828,1622.45,212.49999999999272,1465,3117
103,905,1470.71484375,1330996.93359375,43.284453125000006,39172.430078125006,122.74062500000002,111080.26562500001,52.350000000018326,1600.25,30.699999999992542,1465,3105
104,892,1432.3278749999997,1277636.4644999998,42.0828875,37537.93565,120.97750000000002,107911.93000000002,52.600000000018326,1576.2,264.19999999999254,1465,3092
105,880,1397.34375,1229662.5,40.98875,36070.100000000006,119.35000000000002,105028.00000000001,28.800000000018372,1554.0,92.39999999999236,1465,3080
106,868,1362.7916249999998,1182903.1305,39.909012499999996,34641.022849999994,117.72250000000003,102183.13000000002,82.80000000001837,1531.8000000000002,333.39999999999236,1465,3068
107,856,1328.6715000000002,1137342.8040000002,38.843675000000005,33250.18580000001,116.09500000000003,99377.32000000002,14.600000000018554,1509.6000000000001,171.19999999999231,1465,3056
108,845,1297.77421875,1096619.21484375,37.879765625000005,32008.401953125005,114.60312500000002,96839.64062500001,24.20000000001869,1489.25,13.799999999992224,1465,3045
109,833,1264.4820937499999,1053313.58409375,36.842028125,30689.409428125,112.97562500000004,94108.69562500004,13.45000000001869,1467.0500000000002,265.2999999999922,1465,3033
110,823,1237.06865625,1018107.50409375,35.988246875,29618.327178125,111.61937500000003,91862.74562500003,80.50000000001887,1448.5500000000002,117.09999999999218,1465,3023
111,811,1204.5685312499998,976905.0788437498,34.976909375,28366.273503124998,109.99187500000002,89203.41062500002,29.050000000019054,1426.3500000000001,375.19999999999214,1465,3011
112,801,1177.8150937499997,943429.8900937497,34.145128125,27350.247628125,108.63562500000002,87017.13562500001,55.40000000001919,1407.8500000000001,235.799999999992,1465,3001
113,791,1151.36165625,910727.0700937499,33.323346875,26358.767378124998,107.27937500000003,84857.98562500003,63.25000000001933,1389.3500000000001,100.3999999999919,1465,2991
114,780,1122.609375,875635.3125,32.4309375,25296.13125,105.78750000000001,82514.25,52.60000000001946,1369.0,368.09999999999184,1465,2980
115,770,1096.7859374999998,844525.1718749999,31.63015625,24355.220312499998,104.43125000000002,80412.06250000001,21.600000000019463,1350.5,241.09999999999172,1465,2970
116,761,1073.8013437499997,817162.8225937497,30.918003125,23528.600378125,103.21062500000002,78543.28562500002,72.10000000001946,1333.8500000000001,118.09999999999172,1465,2961
117,750,1046.0390625,784529.296875,30.05859375,22543.9453125,101.71875000000001,76289.06250000001,5.9500000000196,1313.5,394.79999999999166,1465,2950
118,741,1023.5944687499998,758483.5013437498,29.364440625,21759.050503125,100.49812500000003,74469.11062500002,19.4500000000196,1296.8500000000001,279.79999999999154,1465,2941
119,732,1001.392875,733019.5845,28.678387500000003,20992.579650000003,99.27750000000002,72671.13000000002,16.300000000019736,1280.2,168.39999999999145,1465,2932
120,724,981.862125,710868.1785,28.0753625,20326.56245,98.19250000000002,71091.37000000002,96.50000000001978,1265.4,60.599999999991496,1465,2924
121,714,957.7186875,683811.142875,27.330581250000005,19514.035012500004,96.83625000000002,69141.08250000002,61.90000000001987,1246.9,348.3999999999914,1465,2914
122,705,936.24609375,660053.49609375,26.668828124999997,18801.523828125,95.61562500000001,67409.015625,8.800000000019963,1230.25,247.79999999999131,1465,2905
123,697,917.3633437499999,639402.2505937499,26.087403124999998,18182.919978125,94.53062500000001,65887.84562500002,39.05000000001996,1215.45,150.79999999999131,1465,2897
124,689,898.67259375,619185.41709375,25.512378125000005,17578.028528125004,93.44562500000002,64384.03562500001,54.50000000002001,1200.65,56.99999999999136,1465,2889
125,680,877.875,596955.0,24.873124999999998,16913.725,92.22500000000001,62713.00000000001,55.1500000000201,1184.0,355.29999999999126,1465,2880
126,672,859.5922499999999,577645.992,24.3117,16337.462399999999,91.14000000000001,61246.08000000001,39.1500000000201,1169.2,268.2999999999913,1465,2872
127,664,841.5015000000001,558756.996,23.756675000000005,15774.432200000003,90.05500000000002,59796.52000000001,8.350000000020145,1154.4,184.49999999999136,1465,2864
128,657,825.82959375,542570.04309375,23.276278125,15292.514728125001,89.10562500000002,58542.39562500001,62.750000000020236,1141.45,103.89999999999122,1465,2857
129,649,808.09884375,524456.14959375,22.733253125,14753.881278125,88.02062500000002,57125.38562500002,4.200000000020282,1126.65,26.09999999999127,1465,2849
130,641,790.56009375,506749.02009375,22.196628125,14228.038628125,86.93562500000002,55725.73562500001,30.850000000020373,1111.8500000000001,336.39999999999117,1465,2841
131,634,775.3711874999999,491585.33287499996,21.732331249999998,13778.2980125,85.98625000000001,54515.28250000001,42.70000000002051,1098.9,264.99999999999113,1465,2834
132,627,760.32928125,476726.45934375003,21.272934375000002,13338.129853125001,85.03687500000001,53318.120625,41.6000000000206,1085.95,196.399999999991,1465,2827
133,620,745.434375,462169.3125,20.8184375,12907.431250000001,84.0875,52134.25,27.550000000020646,1073.0,130.59999999999104,1465,2820
134,613,730.68646875,447910.80534375,20.368840625,12486.099303125,83.13812500000002,50963.67062500001,0.5500000000206455,1060.05,67.59999999999104,1465,2813
135,607,718.16240625,435924.58059375,19.987371875,12132.334728125,82.32437500000002,49970.89562500001,60.6000000000206,1048.95,7.399999999990996,1465,2807
136,599,701.63165625,420277.36209375,19.484346875,11671.123778125,81.23937500000002,48662.38562500002,9.550000000020646,1034.15,330.29999999999103,1465,2799
137,593,689.35959375,408790.23909375,19.111278125,11332.987928125,80.42562500000001,47692.395625000005,43.70000000002074,1023.0500000000001,275.69999999999095,1465,2793
138,587,677.19553125,397513.77684375003,18.741809375,11001.442103124999,79.61187500000001,46732.170625000006,66.75000000002092,1011.95,223.4999999999909,1465,2787
139,581,665.13946875,386446.03134375,18.375940625000002,10676.421503125,78.79812500000001,45781.71062500001,78.70000000002096,1000.85,173.69999999999095,1465,2781
140,575,653.19140625,375585.05859375,18.013671875,10357.861328125,77.98437500000001,44841.01562500001,79.5500000000211,989.75,126.29999999999086,1465,2775
141,569,641.35134375,364928.91459374997,17.655003125000004,10045.696778125002,77.17062500000002,43910.08562500001,69.3000000000211,978.6500000000001,81.29999999999086,1465,2769
142,563,629.61928125,354475.65534374997,17.299934375,9739.863053125,76.35687500000002,42988.920625000006,47.95000000002119,967.5500000000001,38.69999999999072,1465,2763
143,556,616.068375,342534.01649999997,16.8902375,9390.97205,75.40750000000001,41926.57000000001,15.50000000002126,954.6,374.7999999999907,1465,2756
144,551,606.47915625,334170.01509375,16.600596874999997,9146.928878124998,74.72937500000002,41175.88562500001,70.10000000002128,945.35,337.39999999999054,1465,2751
145,545,595.07109375,324313.74609375,16.256328125,8859.698828125,73.915625,40284.015625,15.450000000021305,934.25,301.99999999999045,1465,2745
146,540,585.646875,316249.3125,15.972187500000002,8624.98125,73.23750000000001,39548.25000000001,49.700000000021305,925.0,268.99999999999045,1465,2740
147,535,576.29765625,308319.24609375,15.690546875000003,8394.442578125001,72.559375,38819.265625,74.7000000000213,915.75,237.99999999999045,1465,2735
148,530,567.0234375,300522.421875,15.411406249999999,8168.045312499999,71.88125000000001,38097.06250000001,90.4500000000213,906.5,208.99999999999045,1465,2730
149,525,557.82421875,292857.71484375,15.134765625,7945.751953125,71.20312500000001,37381.64062500001,96.9500000000213,897.25,181.99999999999045,1465,2725
150,520,548.7,285324.0,14.860625,7727.525000000001,70.525,36673.0,94.2000000000213,888.0,156.99999999999045,1465,2720
151,515,539.65078125,277920.15234375,14.588984375000003,7513.326953125002,69.84687500000001,35971.14062500001,82.2000000000213,878.75,133.99999999999045,1465,2715
152,510,530.6765625,270645.046875,14.319843750000002,7303.120312500001,69.16875,35276.0625,60.950000000021305,869.5,112.99999999999045,1465,2710
153,505,521.77734375,263497.55859375,14.053203125,7096.867578124999,68.49062500000001,34587.76562500001,30.450000000021305,860.25,93.99999999999045,1465,2705
154,501,514.71196875,257870.69634375,13.841690624999998,6934.687003124999,67.948125,34042.010625,90.7000000000213,852.85,76.99999999999045,1465,2701
155,496,505.9477499999999,250950.08399999997,13.57955,6735.4568,67.27000000000001,33365.920000000006,43.55000000002133,843.6,61.59999999999036,1465,2696
156,492,498.990375,245503.2645,13.3716375,6578.84565,66.7275,32829.93,87.15000000002135,836.2,48.19999999999027,1465,2692
157,487,490.36115625,238805.88309375002,13.113996875,6386.516478125,66.04937500000001,32166.045625000006,23.350000000021396,826.95,36.399999999990314,1465,2687
158,483,483.51178125,233536.19034375,12.909684375000001,6235.377553125,65.50687500000001,31639.820625000004,50.30000000002144,819.5500000000001,26.59999999999036,1465,2683
159,479,476.71040624999995,228344.28459374997,12.706971875,6086.639528125001,64.96437500000002,31117.93562500001,69.85000000002151,812.1500000000001,18.399999999990314,1465,2679
160,475,469.95703125,223229.58984375,12.505859375,5940.283203125,64.42187500000001,30600.390625000007,82.0000000000216,804.75,11.799999999990177,1465,2675
161,471,463.25165624999994,218191.53009374999,12.306346875,5796.2893781249995,63.87937500000001,30087.185625000006,86.7500000000216,797.35,6.7999999999901775,1465,2671
162,467,456.59428125,213229.52934375,12.108434375,5654.6388531249995,63.33687500000001,29578.320625000008,84.10000000002162,789.95,3.3999999999900865,1465,2667
163,463,449.98490625,208343.01159375,11.912121874999999,5515.312428124999,62.79437500000002,29073.795625000006,74.05000000002167,782.5500000000001,1.599999999990132,1465,2663
164,459,443.42353124999994,203531.40084374996,11.717409374999999,5378.290903124999,62.25187500000001,28573.610625000005,56.60000000002174,775.1500000000001,1.3999999999900865,1465,2659
165,455,436.91015625,198794.12109375,11.524296875,5243.555078124999,61.70937500000001,28077.765625000004,31.750000000021828,767.75,2.79999999998995,1465,2655
166,452,432.05662500000005,195289.59450000004,11.380512500000002,5143.991650000001,61.30250000000001,27708.730000000003,99.50000000002183,762.2,5.79999999998995,1465,2652
167,448,425.62725000000006,190681.00800000003,11.190200000000003,5013.209600000001,60.76000000000001,27220.480000000007,61.70000000002187,754.8000000000001,9.999999999989996,1465,2648
168,444,419.245875,186145.1685,11.001487500000001,4884.66045,60.217500000000015,26736.570000000007,16.50000000002194,747.4000000000001,15.79999999998995,1465,2644
169,441,414.49134374999994,182790.68259374998,10.861003125,4789.702378125,59.81062500000001,26376.485625000005,63.90000000002203,741.85,23.199999999989814,1465,2641
170,437,408.19396875,178380.76434375,10.675090625000001,4665.014603125001,59.26812500000001,25900.170625000006,5.750000000022055,734.45,31.799999999989723,1465,2637
171,434,403.5024375,175120.057875,10.53670625,4572.9305125,58.86125000000001,25545.782500000005,40.2000000000221,728.9000000000001,41.99999999998977,1465,2634
172,431,398.83790625,171899.13759375,10.399221875000002,4482.064628125001,58.45437500000001,25193.835625000007,69.10000000002219,723.35,53.39999999998963,1465,2631
173,428,394.200375,168717.7605,10.2626375,4392.40885,58.047500000000014,24844.330000000005,92.45000000002221,717.8000000000001,65.99999999998954,1465,2628
174,424,388.05899999999997,164537.01599999997,10.081925000000002,4274.736200000001,57.50500000000002,24382.120000000006,10.250000000022283,710.4000000000001,79.7999999999895,1465,2624
175,421,383.48446875,161446.96134375,9.947440625,4187.872503125001,57.09812500000001,24038.310625000006,20.650000000022374,704.85,95.19999999998936,1465,2621
176,418,378.93693749999994,158395.63987499996,9.813856249999999,4102.1919124999995,56.69125000000001,23696.942500000005,25.500000000022396,699.3000000000001,111.79999999998927,1465,2618
177,415,374.41640625,155382.80859375,9.681171875000002,4017.6863281250007,56.284375000000004,23358.015625,24.800000000022465,693.75,129.59999999998922,1465,2615
178,412,369.922875,152408.22449999998,9.5493875,3934.34765,55.87750000000001,23021.530000000006,18.550000000022465,688.2,148.59999999998922,1465,2612
179,409,365.45634375,149471.64459374998,9.418503124999999,3852.1677781249996,55.47062500000001,22687.485625000005,6.75000000002251,682.65,168.79999999998927,1465,2609
180,407,362.49365625,147534.91809375002,9.331746875000002,3798.020978125001,55.19937500000001,22466.145625000005,89.40000000002249,678.95,190.19999999998913,1465,2607
181,404,358.07212499999997,144661.1385,9.2023625,3717.75445,54.79250000000002,22136.170000000006,68.35000000002253,673.4,212.39999999998918,1465,2604
182,401,353.67759375,141824.71509375,9.073878124999998,3638.6251281249993,54.38562500000001,21808.635625000006,41.75000000002251,667.85,235.79999999998904,1465,2601
183,398,349.31006249999996,139025.40487499998,8.94629375,3560.6249125000004,53.97875000000001,21483.542500000003,9.600000000022533,662.3000000000001,260.39999999998895,1465,2598
184,396,346.41337500000003,137179.69650000002,8.8617375,3509.24805,53.70750000000001,21268.170000000006,71.9000000000226,658.6,286.1999999999889,1465,2596
185,393,342.0908437499999,134441.70159374998,8.735653125,3433.1116781250003,53.30062500000001,20947.145625000005,30.500000000022624,653.0500000000001,312.7999999999888,1465,2593
186,391,339.22415625,132636.64509375,8.652096875,3382.969878125,53.02937500000001,20734.485625000005,83.55000000002269,649.35,340.59999999998877,1465,2591
187,389,336.36946874999995,130847.72334374998,8.568940625,3333.3179031249997,52.758125000000014,20522.910625000004,32.900000000022715,645.65,10.099999999988654,1465,2589
188,387,333.52678125,129074.86434375,8.486184375,3284.153353125,52.48687500000001,20312.420625000006,78.55000000002269,641.95,39.499999999988404,1465,2587
189,384,329.28524999999996,126445.536,8.3628,3211.3152,52.08000000000001,19998.720000000005,20.500000000022737,636.4,69.69999999998845,1465,2584
190,382,326.4725625,124712.518875,8.281043750000002,3163.358712500001,51.80875000000001,19790.942500000005,56.900000000022715,632.7,101.09999999998831,1465,2582
191,380,323.671875,122995.3125,8.1996875,3115.88125,51.53750000000001,19584.250000000004,89.60000000002276,629.0,133.29999999998836,1465,2580
192,377,319.49334375,120448.99059375,8.078403125000001,3045.5579781250003,51.13062500000001,19276.245625000003,18.60000000002276,623.45,166.29999999998836,1465,2577
193,375,316.72265625,118770.99609375,7.998046875,2999.267578125,50.85937500000001,19072.265625000004,42.050000000022806,619.75,200.4999999999884,1465,2575
194,373,313.96396875,117108.56034375,7.9180906250000005,2953.447803125,50.58812500000001,18869.370625000003,61.800000000022806,616.0500000000001,235.4999999999884,1465,2573
195,371,311.21728125000004,115461.61134375002,7.838534375,2908.096253125,50.31687500000001,18667.560625000006,77.85000000002287,612.35,271.29999999998836,1465,2571
196,369,308.4825937499999,113830.07709374998,7.759378124999999,2863.2105281249997,50.045625,18466.835625,90.2000000000229,608.65,307.89999999998827,1465,2569
197,367,305.75990625,112213.88559374999,7.680621875,2818.788228125,49.77437500000001,18267.195625000004,98.85000000002287,604.95,345.29999999998813,1465,2567
198,365,303.04921875,110612.96484375001,7.602265625,2774.8269531250003,49.503125000000004,18068.640625,3.8000000000229193,601.25,26.799999999988188,1465,2565
199,363,300.35053124999996,109027.24284374999,7.524309375,2731.324303125,49.23187500000001,17871.170625000002,5.050000000022919,597.5500000000001,65.79999999998813,1465,2563
200,361,297.66384374999996,107456.64759374998,7.446753124999999,2688.2778781249995,48.96062500000001,17674.785625000004,2.6000000000229875,593.85,105.59999999998809,1465,2561
201,360,296.325,106677.0,7.408124999999999,2666.9249999999997,48.825,17577.0,96.45000000002301,592.0,146.199999999988,1465,2560
202,358,293.65631249999996,105128.95987499999,7.331168750000001,2624.5584125,48.553750000000015,17382.242500000004,88.45000000002301,588.3000000000001,187.199999999988,1465,2558
203,356,290.99962500000004,103595.86650000002,7.254612500000001,2582.6420500000004,48.282500000000006,17188.570000000003,76.75000000002308,584.6,228.99999999998795,1465,2556
204,354,288.3549375,102077.647875,7.17845625,2541.1735125,48.011250000000004,16995.982500000002,61.3500000000231,580.9,271.59999999998786,1465,2554
205,352,285.72225,100574.23199999999,7.1027,2500.1504,47.74000000000001,16804.480000000003,42.25000000002308,577.2,314.99999999998795,1465,2552
206,351,284.41040625,99828.05259374999,7.064971875,2479.805128125,47.60437500000001,16709.135625000003,19.450000000023124,575.35,3.999999999987722,1465,2551
207,350,283.1015625,99085.546875,7.02734375,2459.5703125,47.46875000000001,16614.062500000004,94.80000000002315,573.5,48.59999999998763,1465,2550
208,348,280.49287499999997,97611.52049999998,6.9523874999999995,2419.4308499999997,47.19750000000001,16424.730000000003,68.30000000002315,569.8000000000001,93.59999999998763,1465,2548
209,346,277.8961875,96152.080875,6.87783125,2379.7296125,46.92625000000001,16236.482500000004,38.100000000023215,566.1,139.39999999998759,1465,2546
210,344,275.31149999999997,94707.15599999999,6.803675,2340.4642,46.655,16049.32,4.200000000023238,562.4,185.9999999999875,1465,2544
211,343,274.02365625,93990.11409375,6.766746875000001,2320.9941781250004,46.51937500000001,15956.145625000003,66.60000000002321,560.5500000000001,233.39999999998759,1465,2543
212,341,271.45696875000004,92566.82634375001,6.693190625000001,2282.3780031250003,46.24812500000001,15770.610625000003,27.150000000023283,556.85,281.19999999998754,1465,2541
213,340,270.17812499999997,91860.56249999999,6.6565625,2263.23125,46.112500000000004,15678.250000000002,84.0000000000233,555.0,329.79999999998745,1465,2540
214,339,268.90228125,91157.87334374999,6.620034375,2244.191653125,45.97687500000001,15586.160625000002,39.000000000023306,553.15,24.79999999998745,1465,2539
215,338,267.62943749999994,90458.74987499998,6.58360625,2225.2589125,45.84125000000001,15494.342500000002,92.15000000002328,551.3000000000001,74.19999999998754,1465,2538
216,336,265.09275,89071.164,6.511049999999999,2187.7128,45.57000000000001,15311.520000000002,43.45000000002335,547.6,123.9999999999875,1465,2536
217,335,263.82890625,88382.68359375,6.474921875000001,2169.098828125,45.434375,15220.515625000002,91.05000000002337,545.75,174.5999999999874,1465,2535
218,333,261.31021874999993,87016.30284374997,6.402965625,2132.1875531250002,45.163125000000015,15039.320625000006,36.800000000023374,542.0500000000001,225.5999999999874,1465,2533
219,332,260.055375,86338.38450000001,6.367137500000001,2113.8896500000005,45.02750000000001,14949.130000000003,78.85000000002344,540.2,277.39999999998736,1465,2532
220,330,257.5546875,84993.046875,6.295781250000001,2077.6078125000004,44.75625000000001,14769.562500000004,19.050000000023488,536.5,329.5999999999872,1465,2530
221,330,257.5546875,84993.046875,6.295781250000001,2077.6078125000004,44.75625000000001,14769.562500000004,55.55000000002349,536.5,29.599999999987176,1465,2530
222,329,256.30884375,84325.60959374999,6.260253125,2059.623278125,44.620625000000004,14680.185625000002,92.05000000002349,534.65,82.59999999998718,1465,2529
223,327,253.82615625,83001.15309374999,6.189496875,2023.965478125,44.34937500000001,14502.245625000003,26.700000000023465,530.95,135.99999999998727,1465,2527
224,326,252.58931250000003,82344.11587500002,6.154268750000001,2006.2916125000004,44.213750000000005,14413.6825,57.65000000002351,529.1,190.19999999998709,1465,2526
225,325,251.35546875,81690.52734375,6.119140625,1988.720703125,44.07812500000001,14325.390625000002,86.75000000002353,527.25,244.799999999987,1465,2525
226,323,248.89678124999995,80393.66034374999,6.049184375,1953.886553125,43.80687500000001,14149.620625000003,14.000000000023533,523.5500000000001,299.799999999987,1465,2523
227,323,248.89678124999995,80393.66034374999,6.049184375,1953.886553125,43.80687500000001,14149.620625000003,37.5500000000236,523.5500000000001,3.2999999999869374,1465,2523
228,322,247.6719375,79750.36387500001,6.0143562500000005,1936.6227125000003,43.67125000000001,14062.142500000002,61.10000000002367,521.7,59.09999999998695,1465,2522
229,321,246.45009375,79110.48009375,5.979628125,1919.4606281249999,43.53562500000001,13974.935625000004,82.80000000002372,519.85,115.29999999998677,1465,2521
230,319,244.01540624999998,77840.91459375,5.910471875,1885.440528125,43.26437500000001,13801.335625000003,2.650000000023738,516.15,171.89999999998668,1465,2519
231,318,242.80256249999996,77211.21487499999,5.876043750000001,1868.5819125000003,43.128750000000004,13714.942500000001,18.800000000023715,514.3000000000001,229.29999999998677,1465,2518
232,317,241.59271875,76584.89184375,5.841715625,1851.823853125,42.993125000000006,13628.820625000002,33.10000000002378,512.45,287.0999999999867,1465,2517
233,316,240.38587500000003,75961.93650000001,5.807487500000001,1835.1660500000003,42.85750000000001,13542.970000000003,45.55000000002383,510.6,345.29999999998654,1465,2516
234,316,240.38587500000003,75961.93650000001,5.807487500000001,1835.1660500000003,42.85750000000001,13542.970000000003,56.15000000002385,510.6,52.299999999986426,1465,2516
235,315,239.18203125,75342.33984375,5.773359375,1818.608203125,42.721875000000004,13457.390625000002,66.75000000002387,508.75,110.89999999998645,1465,2515
236,314,237.98118749999998,74726.09287499999,5.73933125,1802.1500125,42.58625000000001,13372.082500000002,75.50000000002387,506.90000000000003,169.89999999998645,1465,2514
237,313,236.78334374999994,74113.18659374998,5.705403124999999,1785.7911781249998,42.45062500000001,13287.045625000002,82.40000000002397,505.05,229.29999999998654,1465,2513
238,312,235.5885,73503.61200000001,5.671575000000001,1769.5314000000003,42.31500000000001,13202.280000000004,87.45000000002392,503.20000000000005,289.0999999999865,1465,2512
239,311,234.39665625,72897.36009375,5.637846874999999,1753.3703781249997,42.17937500000001,13117.785625000002,90.65000000002397,501.35,349.2999999999863,1465,2511
240,311,234.39665625,72897.36009375,5.637846874999999,1753.3703781249997,42.17937500000001,13117.785625000002,92.00000000002399,501.35,58.7999999999862,1465,2511
241,310,233.20781250000002,72294.421875,5.60421875,1737.3078125000002,42.04375,13033.5625,93.35000000002401,499.5,119.399999999986,1465,2510
242,309,232.02196874999996,71694.78834374998,5.570690624999999,1721.3434031249997,41.908125000000005,12949.610625000001,92.85000000002401,497.65000000000003,180.399999999986,1465,2509
243,308,230.83912499999997,71098.45049999999,5.537262500000001,1705.4768500000002,41.77250000000001,12865.930000000002,90.5000000000241,495.8,241.79999999998608,1465,2508
244,307,229.65928125000002,70505.39934375,5.503934375000001,1689.7078531250004,41.63687500000001,12782.520625000003,86.30000000002406,493.95000000000005,303.59999999998604,1465,2507
245,307,229.65928125000002,70505.39934375,5.503934375000001,1689.7078531250004,41.63687500000001,12782.520625000003,80.2500000000241,493.95000000000005,15.099999999985812,1465,2507
246,306,228.4824375,69915.625875,5.47070625,1674.0361125,41.501250000000006,12699.382500000002,74.20000000002415,492.1,77.29999999998563,1465,2506
247,305,227.30859375000003,69329.12109375001,5.437578125000001,1658.4613281250001,41.36562500000001,12616.515625000002,66.30000000002417,490.25,139.89999999998554,1465,2505
248,304,226.13775,68745.876,5.40455,1642.9832000000001,41.23000000000001,12533.920000000004,56.55000000002417,488.40000000000003,202.89999999998554,1465,2504
249,303,224.96990625,68165.88159375,5.371621875000001,1627.6014281250002,41.09437500000001,12451.595625000002,44.95000000002415,486.55,266.29999999998563,1465,2503
250,302,223.8050625,67589.128875,5.33879375,1612.3157125,40.95875000000001,12369.542500000003,31.5000000000241,484.70000000000005,330.0999999999856,1465,2502
251,302,223.8050625,67589.128875,5.33879375,1612.3157125,40.95875000000001,12369.542500000003,16.200000000024147,484.70000000000005,44.09999999998536,1465,2502
252,301,222.64321875000002,67015.60884375,5.3060656250000005,1597.125753125,40.823125000000005,12287.760625,0.9000000000241926,482.85,108.29999999998518,1465,2501
253,301,222.64321875000002,67015.60884375,5.3060656250000005,1597.125753125,40.823125000000005,12287.760625,83.75000000002422,482.85,172.89999999998508,1465,2501
254,300,221.484375,66445.3125,5.2734375,1582.03125,40.68750000000001,12206.250000000002,66.60000000002424,481.0,237.499999999985,1465,2500
255,299,220.32853125000003,65878.23084375,5.240909375000001,1567.0319031250003,40.55187500000001,12125.010625000003,47.60000000002424,479.15000000000003,302.499999999985,1465,2499
256,299,220.32853125000003,65878.23084375,5.240909375000001,1567.0319031250003,40.55187500000001,12125.010625000003,26.75000000002433,479.15000000000003,17.999999999985107,1465,2499
257,298,219.17568749999998,65314.354875,5.20848125,1552.1274125,40.416250000000005,12044.042500000001,5.900000000024363,477.3,83.39999999998508,1465,2498
258,298,219.17568749999998,65314.354875,5.20848125,1552.1274125,40.416250000000005,12044.042500000001,83.20000000002437,477.3,149.19999999998504,1465,2498
259,297,218.02584375,64753.675593750006,5.176153125000001,1537.3174781250002,40.28062500000001,11963.345625000002,60.50000000002433,475.45000000000005,214.999999999985,1465,2497
260,296,216.879,64196.183999999994,5.143925,1522.6018000000001,40.14500000000001,11882.920000000004,35.950000000024374,473.6,281.1999999999848,1465,2496
261,295,215.73515625000002,63641.87109375001,5.1117968750000005,1507.980078125,40.009375000000006,11802.765625000002,9.550000000024397,471.75,347.7999999999847,1465,2495
262,296,216.879,64196.183999999994,5.143925,1522.6018000000001,40.14500000000001,11882.920000000004,81.3000000000244,473.6,65.29999999998472,1465,2496
263,295,215.73515625000002,63641.87109375001,5.1117968750000005,1507.980078125,40.009375000000006,11802.765625000002,54.90000000002442,471.75,131.89999999998463,1465,2495
264,294,214.5943125,63090.727875,5.0797687499999995,1493.4520125,39.87375000000001,11722.882500000002,26.65000000002442,469.90000000000003,198.89999999998463,1465,2494
265,294,214.5943125,63090.727875,5.0797687499999995,1493.4520125,39.87375000000001,11722.882500000002,96.55000000002445,469.90000000000003,266.2999999999847,1465,2494
266,293,213.45646875,62542.74534375,5.047840625,1479.0173031250001,39.738125000000004,11643.270625000001,66.45000000002449,468.05,333.6999999999848,1465,2493
267,293,213.45646875,62542.74534375,5.047840625,1479.0173031250001,39.738125000000004,11643.270625000001,34.500000000024556,468.05,52.199999999984755,1465,2493
268,292,212.32162499999998,61997.91449999999,5.0160124999999995,1464.67565,39.602500000000006,11563.930000000002,2.5500000000245677,466.20000000000005,119.99999999998477,1465,2492
269,292,212.32162499999998,61997.91449999999,5.0160124999999995,1464.67565,39.602500000000006,11563.930000000002,68.75000000002461,466.20000000000005,188.19999999998458,1465,2492
270,291,211.18978125,61456.22634375,4.9842843750000005,1450.4267531250002,39.46687500000001,11484.860625000003,34.9500000000246,464.35,256.3999999999844,1465,2491
271,291,211.18978125,61456.22634375,4.9842843750000005,1450.4267531250002,39.46687500000001,11484.860625000003,99.30000000002462,464.35,324.9999999999843,1465,2491
272,291,211.18978125,61456.22634375,4.9842843750000005,1450.4267531250002,39.46687500000001,11484.860625000003,63.65000000002465,464.35,44.4999999999842,1465,2491
273,290,210.0609375,60917.671875,4.9526562499999995,1436.2703124999998,39.331250000000004,11406.062500000002,28.00000000002467,462.5,113.09999999998399,1465,2490
274,290,210.0609375,60917.671875,4.9526562499999995,1436.2703124999998,39.331250000000004,11406.062500000002,90.50000000002467,462.5,182.099999999984,1465,2490
275,289,208.93509375000002,60382.24209375001,4.921128125,1422.206028125,39.19562500000001,11327.535625000002,53.00000000002467,460.65000000000003,251.099999999984,1465,2489
276,288,207.81224999999998,59849.92799999999,4.8896999999999995,1408.2335999999998,39.06000000000001,11249.280000000002,13.650000000024647,458.8,320.4999999999841,1465,2488
277,289,208.93509375000002,60382.24209375001,4.921128125,1422.206028125,39.19562500000001,11327.535625000002,72.45000000002466,460.65000000000003,41.49999999998403,1465,2489
278,288,207.81224999999998,59849.92799999999,4.8896999999999995,1408.2335999999998,39.06000000000001,11249.280000000002,33.10000000002469,458.8,110.89999999998417,1465,2488
279,288,207.81224999999998,59849.92799999999,4.8896999999999995,1408.2335999999998,39.06000000000001,11249.280000000002,91.9000000000247,458.8,180.69999999998413,1465,2488
280,287,206.69240625,59320.720593750004,4.8583718750000005,1394.352728125,38.92437500000001,11171.295625000004,50.700000000024716,456.95000000000005,250.49999999998408,1465,2487
281,286,205.5755625,58794.610875,4.827143749999999,1380.5631124999998,38.78875000000001,11093.582500000002,7.650000000024761,455.1,320.6999999999839,1465,2486
282,287,206.69240625,59320.720593750004,4.8583718750000005,1394.352728125,38.92437500000001,11171.295625000004,62.750000000024784,456.95000000000005,42.69999999998379,1465,2487
283,286,205.5755625,58794.610875,4.827143749999999,1380.5631124999998,38.78875000000001,11093.582500000002,19.70000000002483,455.1,112.89999999998372,1465,2486
284,286,205.5755625,58794.610875,4.827143749999999,1380.5631124999998,38.78875000000001,11093.582500000002,74.80000000002485,455.1,183.49999999998363,1465,2486
285,285,204.46171875000002,58271.58984375001,4.796015625,1366.864453125,38.653125,11016.140625,29.900000000024875,453.25,254.09999999998354,1465,2485
286,285,204.46171875000002,58271.58984375001,4.796015625,1366.864453125,38.653125,11016.140625,83.15000000002487,453.25,325.09999999998354,1465,2485
287,285,204.46171875000002,58271.58984375001,4.796015625,1366.864453125,38.653125,11016.140625,36.400000000024875,453.25,47.59999999998354,1465,2485
288,285,204.46171875000002,58271.58984375001,4.796015625,1366.864453125,38.653125,11016.140625,89.65000000002487,453.25,118.59999999998354,1465,2485
289,284,203.350875,57751.6485,4.764987499999999,1353.2564499999999,38.517500000000005,10938.970000000001,42.900000000024875,451.40000000000003,189.59999999998354,1465,2484
290,284,203.350875,57751.6485,4.764987499999999,1353.2564499999999,38.517500000000005,10938.970000000001,94.30000000002491,451.40000000000003,260.99999999998363,1465,2484
291,283,202.24303125,57234.77784375,4.734059375,1339.738803125,38.38187500000001,10862.070625000002,45.70000000002494,449.55,332.3999999999837,1465,2483
292,284,203.350875,57751.6485,4.764987499999999,1353.2564499999999,38.517500000000005,10938.970000000001,95.25000000002495,451.40000000000003,55.89999999998366,1465,2484
293,283,202.24303125,57234.77784375,4.734059375,1339.738803125,38.38187500000001,10862.070625000002,46.65000000002499,449.55,127.29999999998381,1465,2483
294,283,202.24303125,57234.77784375,4.734059375,1339.738803125,38.38187500000001,10862.070625000002,96.200000000025,449.55,199.09999999998377,1465,2483
295,282,201.13818750000002,56720.968875000006,4.70323125,1326.3112125,38.24625000000001,10785.442500000003,45.75000000002501,447.70000000000005,270.8999999999837,1465,2482
296,282,201.13818750000002,56720.968875000006,4.70323125,1326.3112125,38.24625000000001,10785.442500000003,93.45000000002506,447.70000000000005,343.09999999998354,1465,2482
297,282,201.13818750000002,56720.968875000006,4.70323125,1326.3112125,38.24625000000001,10785.442500000003,41.1500000000251,447.70000000000005,67.09999999998331,1465,2482
298,282,201.13818750000002,56720.968875000006,4.70323125,1326.3112125,38.24625000000001,10785.442500000003,88.85000000002515,447.70000000000005,139.29999999998313,1465,2482
299,281,200.03634375,56210.212593749995,4.672503125,1312.9733781250002,38.110625000000006,10709.085625000002,36.55000000002519,445.85,211.49999999998295,1465,2481
300,281,200.03634375,56210.212593749995,4.672503125,1312.9733781250002,38.110625000000006,10709.085625000002,82.40000000002522,445.85,284.09999999998286,1465,2481
301,281,200.03634375,56210.212593749995,4.672503125,1312.9733781250002,38.110625000000006,10709.085625000002,28.25000000002524,445.85,8.599999999982742,1465,2481
302,281,200.03634375,56210.212593749995,4.672503125,1312.9733781250002,38.110625000000006,10709.085625000002,74.10000000002526,445.85,81.19999999998254,1465,2481
303,280,198.93750000000003,55702.50000000001,4.641875000000001,1299.7250000000001,37.97500000000001,10633.000000000002,19.950000000025284,444.0,153.79999999998245,1465,2480
304,280,198.93750000000003,55702.50000000001,4.641875000000001,1299.7250000000001,37.97500000000001,10633.000000000002,63.950000000025284,444.0,226.79999999998245,1465,2480
305,279,197.84165625,55197.82209375,4.611346875,1286.565778125,37.83937500000001,10557.185625000004,7.950000000025284,442.15000000000003,299.79999999998245,1465,2479
306,280,198.93750000000003,55702.50000000001,4.641875000000001,1299.7250000000001,37.97500000000001,10633.000000000002,50.10000000002532,444.0,25.29999999998256,1465,2480
307,280,198.93750000000003,55702.50000000001,4.641875000000001,1299.7250000000001,37.97500000000001,10633.000000000002,94.10000000002532,444.0,98.29999999998245,1465,2480
308,279,197.84165625,55197.82209375,4.611346875,1286.565778125,37.83937500000001,10557.185625000004,38.100000000025375,442.15000000000003,171.29999999998245,1465,2479
309,279,197.84165625,55197.82209375,4.611346875,1286.565778125,37.83937500000001,10557.185625000004,80.25000000002541,442.15000000000003,244.69999999998254,1465,2479
310,278,196.7488125,54696.16987500001,4.58091875,1273.4954125000002,37.70375000000001,10481.642500000002,22.400000000025443,440.3,318.09999999998263,1465,2478
311,279,197.84165625,55197.82209375,4.611346875,1286.565778125,37.83937500000001,10557.185625000004,62.700000000025454,442.15000000000003,44.09999999998257,1465,2479
312,278,196.7488125,54696.16987500001,4.58091875,1273.4954125000002,37.70375000000001,10481.642500000002,4.850000000025489,440.3,117.49999999998272,1465,2478
313,278,196.7488125,54696.16987500001,4.58091875,1273.4954125000002,37.70375000000001,10481.642500000002,45.1500000000255,440.3,191.29999999998267,1465,2478
314,278,196.7488125,54696.16987500001,4.58091875,1273.4954125000002,37.70375000000001,10481.642500000002,85.45000000002551,440.3,265.09999999998263,1465,2478
315,277,195.65896874999999,54197.53434375,4.550590625,1260.513603125,37.56812500000001,10406.370625000003,25.750000000025466,438.45000000000005,338.8999999999826,1465,2477
316,278,196.7488125,54696.16987500001,4.58091875,1273.4954125000002,37.70375000000001,10481.642500000002,64.20000000002551,440.3,65.39999999998236,1465,2478
317,277,195.65896874999999,54197.53434375,4.550590625,1260.513603125,37.56812500000001,10406.370625000003,4.500000000025523,438.45000000000005,139.1999999999823,1465,2477
318,277,195.65896874999999,54197.53434375,4.550590625,1260.513603125,37.56812500000001,10406.370625000003,42.95000000002557,438.45000000000005,213.39999999998213,1465,2477
319,277,195.65896874999999,54197.53434375,4.550590625,1260.513603125,37.56812500000001,10406.370625000003,81.40000000002561,438.45000000000005,287.59999999998195,1465,2477
320,277,195.65896874999999,54197.53434375,4.550590625,1260.513603125,37.56812500000001,10406.370625000003,19.850000000025602,438.45000000000005,14.09999999998172,1465,2477
321,277,195.65896874999999,54197.53434375,4.550590625,1260.513603125,37.56812500000001,10406.370625000003,58.30000000002565,438.45000000000005,88.29999999998154,1465,2477
322,277,195.65896874999999,54197.53434375,4.550590625,1260.513603125,37.56812500000001,10406.370625000003,96.7500000000257,438.45000000000005,162.49999999998136,1465,2477
323,276,194.572125,53701.9065,4.520362500000001,1247.6200500000002,37.432500000000005,10331.37,35.20000000002574,436.6,236.69999999998117,1465,2476
324,276,194.572125,53701.9065,4.520362500000001,1247.6200500000002,37.432500000000005,10331.37,71.80000000002576,436.6,311.2999999999811,1465,2476
325,276,194.572125,53701.9065,4.520362500000001,1247.6200500000002,37.432500000000005,10331.37,8.400000000025784,436.6,38.29999999998097,1465,2476
326,276,194.572125,53701.9065,4.520362500000001,1247.6200500000002,37.432500000000005,10331.37,45.00000000002581,436.6,112.89999999998099,1465,2476
327,276,194.572125,53701.9065,4.520362500000001,1247.6200500000002,37.432500000000005,10331.37,81.60000000002583,436.6,187.4999999999809,1465,2476
328,275,193.48828125,53209.27734375,4.490234375,1234.814453125,37.29687500000001,10256.640625000002,18.200000000025852,434.75,262.0999999999808,1465,2475
329,275,193.48828125,53209.27734375,4.490234375,1234.814453125,37.29687500000001,10256.640625000002,52.95000000002585,434.75,337.0999999999808,1465,2475
330,276,194.572125,53701.9065,4.520362500000001,1247.6200500000002,37.432500000000005,10331.37,87.70000000002585,436.6,64.59999999998081,1465,2476
331,275,193.48828125,53209.27734375,4.490234375,1234.814453125,37.29687500000001,10256.640625000002,24.300000000025875,434.75,139.19999999998072,1465,2475
332,275,193.48828125,53209.27734375,4.490234375,1234.814453125,37.29687500000001,10256.640625000002,59.050000000025875,434.75,214.19999999998072,1465,2475
333,275,193.48828125,53209.27734375,4.490234375,1234.814453125,37.29687500000001,10256.640625000002,93.80000000002588,434.75,289.1999999999807,1465,2475
334,275,193.48828125,53209.27734375,4.490234375,1234.814453125,37.29687500000001,10256.640625000002,28.550000000025875,434.75,16.69999999998072,1465,2475
335,275,193.48828125,53209.27734375,4.490234375,1234.814453125,37.29687500000001,10256.640625000002,63.300000000025875,434.75,91.69999999998072,1465,2475
336,275,193.48828125,53209.27734375,4.490234375,1234.814453125,37.29687500000001,10256.640625000002,98.05000000002588,434.75,166.69999999998072,1465,2475
337,274,192.40743750000001,52719.637875,4.460206250000001,1222.0965125000002,37.16125000000001,10182.182500000003,32.800000000025875,432.90000000000003,241.69999999998072,1465,2474
338,274,192.40743750000001,52719.637875,4.460206250000001,1222.0965125000002,37.16125000000001,10182.182500000003,65.70000000002591,432.90000000000003,317.0999999999808,1465,2474
339,275,193.48828125,53209.27734375,4.490234375,1234.814453125,37.29687500000001,10256.640625000002,98.60000000002594,434.75,45.09999999998092,1465,2475
340,274,192.40743750000001,52719.637875,4.460206250000001,1222.0965125000002,37.16125000000001,10182.182500000003,33.35000000002594,432.90000000000003,120.09999999998081,1465,2474
341,274,192.40743750000001,52719.637875,4.460206250000001,1222.0965125000002,37.16125000000001,10182.182500000003,66.25000000002598,432.90000000000003,195.4999999999809,1465,2474
342,274,192.40743750000001,52719.637875,4.460206250000001,1222.0965125000002,37.16125000000001,10182.182500000003,99.15000000002601,432.90000000000003,270.899999999981,1465,2474
343,273,191.32959375,52232.97909374999,4.430278125,1209.4659281250001,37.025625000000005,10107.995625000001,32.0500000000261,431.05,346.2999999999811,1465,2473
344,274,192.40743750000001,52719.637875,4.460206250000001,1222.0965125000002,37.16125000000001,10182.182500000003,63.100000000026114,432.90000000000003,74.79999999998103,1465,2474
345,274,192.40743750000001,52719.637875,4.460206250000001,1222.0965125000002,37.16125000000001,10182.182500000003,96.00000000002615,432.90000000000003,150.19999999998117,1465,2474
346,273,191.32959375,52232.97909374999,4.430278125,1209.4659281250001,37.025625000000005,10107.995625000001,28.90000000002624,431.05,225.59999999998126,1465,2473
347,273,191.32959375,52232.97909374999,4.430278125,1209.4659281250001,37.025625000000005,10107.995625000001,59.95000000002625,431.05,301.3999999999812,1465,2473
348,274,192.40743750000001,52719.637875,4.460206250000001,1222.0965125000002,37.16125000000001,10182.182500000003,91.00000000002626,432.90000000000003,29.899999999981162,1465,2474
349,273,191.32959375,52232.97909374999,4.430278125,1209.4659281250001,37.025625000000005,10107.995625000001,23.90000000002624,431.05,105.29999999998131,1465,2473
350,273,191.32959375,52232.97909374999,4.430278125,1209.4659281250001,37.025625000000005,10107.995625000001,54.95000000002625,431.05,181.09999999998126,1465,2473
351,273,191.32959375,52232.97909374999,4.430278125,1209.4659281250001,37.025625000000005,10107.995625000001,86.00000000002626,431.05,256.8999999999812,1465,2473
352,272,190.25475,51749.292,4.40045,1196.9224000000002,36.89000000000001,10034.080000000002,17.05000000002633,429.20000000000005,332.6999999999812,1465,2472
353,273,191.32959375,52232.97909374999,4.430278125,1209.4659281250001,37.025625000000005,10107.995625000001,46.250000000026375,431.05,61.699999999980946,1465,2473
354,273,191.32959375,52232.97909374999,4.430278125,1209.4659281250001,37.025625000000005,10107.995625000001,77.30000000002639,431.05,137.4999999999809,1465,2473
355,272,190.25475,51749.292,4.40045,1196.9224000000002,36.89000000000001,10034.080000000002,8.350000000026398,429.20000000000005,213.29999999998086,1465,2472
356,272,190.25475,51749.292,4.40045,1196.9224000000002,36.89000000000001,10034.080000000002,37.550000000026444,429.20000000000005,289.4999999999807,1465,2472
357,273,191.32959375,52232.97909374999,4.430278125,1209.4659281250001,37.025625000000005,10107.995625000001,66.75000000002649,431.05,18.499999999980446,1465,2473
358,273,191.32959375,52232.97909374999,4.430278125,1209.4659281250001,37.025625000000005,10107.995625000001,97.8000000000265,431.05,94.2999999999804,1465,2473
359,272,190.25475,51749.292,4.40045,1196.9224000000002,36.89000000000001,10034.080000000002,28.85000000002651,429.20000000000005,170.09999999998035,1465,2472
360,272,190.25475,51749.292,4.40045,1196.9224000000002,36.89000000000001,10034.080000000002,58.05000000002656,429.20000000000005,246.29999999998017,1465,2472
